User Input,Chatbot Response,Timestamp
How old are you,I can answer questions and provide assistance,03-01-2025 22:22
How old are you,My purpose is to assist you,03-01-2025 22:23
How old are you,I am a chatbot,03-01-2025 22:23
What's your age,"As an AI, I don't have personal preferences, but there are countless amazing books in various genres. Some popular ones include Harry Potter, To Kill a Mockingbird, and 1984.",03-01-2025 22:24
hi,Hello,03-01-2025 22:24
how are you,I am a chatbot,03-01-2025 22:24
whats the weather like,You can check the weather on a weather app or website.,03-01-2025 22:24
what's the weather like,You can check the weather on a weather app or website.,03-01-2025 22:25
can you say your age,My purpose is to assist you,03-01-2025 22:25
help,"Sure, what do you need help with?",03-01-2025 22:25
What should I do,How can I assist you?,03-01-2025 22:26
What's your age,"Reading books can broaden your knowledge, enhance creativity, and provide a great way to relax.",03-01-2025 22:27
How do I create a budget,"To make a budget, start by tracking your income and expenses. Then, allocate your income towards essential expenses like rent, food, and bills. Next, allocate some of your income towards savings and debt repayment. Finally, allocate the remainder of your income towards discretionary expenses like entertainment and hobbies.",03-01-2025 22:27
Tell me about frugal living,"Frugal living involves being mindful of expenses, budgeting, and finding ways to save money without compromising on needs.",03-01-2025 22:36
How are you,I am a chatbot,03-01-2025 22:36
Who are you,I can answer questions and provide assistance,03-01-2025 22:37
How old are you,I am a chatbot,03-01-2025 22:38
What's your name,My name is Chatbot.,03-01-2025 22:38
What's your favorite color,"As an AI, I don't have personal preferences, but there are countless amazing books in various genres. Some popular ones include Harry Potter, To Kill a Mockingbird, and 1984.",03-01-2025 22:39
What's your favorite food,"Reading books can broaden your knowledge, enhance creativity, and provide a great way to relax.",03-01-2025 22:39
Tell me about education,"Studying effectively involves setting clear goals, creating a conducive study environment, staying organized, taking regular breaks, and seeking help when needed.",03-01-2025 22:40
How old are you,I can answer questions and provide assistance,05-01-2025 15:55
What's the latest tech news,Technology is constantly evolving. Stay updated with tech blogs and news sites to know about the latest advancements!,05-01-2025 16:59
hi,Hi there,05-01-2025 16:59
What is the meaning of life,The meaning of life is a philosophical question. Different people and cultures have different beliefs about it.,05-01-2025 17:01
i love you,I am a chatbot,06-01-2025 23:09
shut up,"I'm fine, thank you",06-01-2025 23:09
hi,"I'm fine, thank you",06-01-2025 23:19
whats your age,"Reading books can broaden your knowledge, enhance creativity, and provide a great way to relax.",06-01-2025 23:19
hi,"I'm fine, thank you",09-02-2025 15:30
Recommend me a movie,"As an AI, I don't watch movies, but I can suggest some popular ones like The Shawshank Redemption, Inception, or The Godfather.",09-02-2025 15:30
Recommend me a movie,"I may not have personal preferences, but I can help you find movies based on your taste!",09-02-2025 15:31
Tell me about technology,"As an AI, I don't have personal preferences, but there are countless amazing books in various genres. Some popular ones include Harry Potter, To Kill a Mockingbird, and 1984.",09-02-2025 15:32
What's the latest tech news,"As an AI language model, I don't have real-time data, but you can check technology news websites for the latest updates.",09-02-2025 15:32
What is the meaning of life,"The purpose of life is subjective and can vary from person to person. Some find purpose in relationships, careers, or helping others.",09-02-2025 15:33
How old are you,I can answer questions and provide assistance,15-08-2025 15:16
hi,Hi there,2025-08-15 15:54:56
hello,Hi there,2025-08-15 15:55:02
Tell me about technology,Technology is constantly evolving. Stay updated with tech blogs and news sites to know about the latest advancements!,2025-08-15 15:55:33
